index,dice,iou,precision,recall,accuracy
0,0.21446038589296568,0.12010956474926454,0.12047963154131336,0.9750642673509318,0.1520233154296643
1,0.01667603522577967,0.008408124704769579,0.008650014578674856,0.23116883116783044,0.03906249999999404
2,0.03296636825549949,0.01675943294689001,0.01676819888006634,0.9697508896710877,0.024230957031246305
3,0.06186845204884046,0.03192169907880759,0.03757883836956838,0.17494960119188802,0.07635498046873836
4,0.2288453350547008,0.12920686125498168,0.13398414255614693,0.7837253057377387,0.14326477050779066
5,0.0002198216304484016,0.00010992289693941523,0.00011492365785583404,0.0025197984161176392,0.028411865234370667
6,0.11716752618736327,0.06222939524200217,0.06223325832233069,0.9990034877902367,0.0779266357421756
7,0.029571458094570506,0.015007627765061975,0.01538642006686047,0.3787295476401409,0.2118377685546552
8,0.09841433734049733,0.051753828014698994,0.051753828014698994,0.9999999999970024,0.06733703613280223
9,0.1076129032257891,0.056866221191862666,0.056866221191862666,0.9999999999970024,0.15576171874997624
10,0.08470712804598822,0.04422672338333755,0.044230119482746535,0.998266897743507,0.050308227539054826
11,0.07361104483783086,0.03821193255940053,0.038575667655779924,0.8020797227008594,0.11128234863279553
12,0.2017706758799105,0.11220519717563888,0.11282480600184938,0.9533396816746655,0.15391540527341402
13,0.05982144205929879,0.030832957005149597,0.030911901081911712,0.9235074626822598,0.05033874511717982
14,0.05381206070644315,0.02764998159734578,0.027660586349197238,0.9863238511981055,0.03251647949218254
15,0.05908560191727723,0.030442147255769374,0.03293823438730552,0.2865871833080677,0.06546020507811501
16,0.1396058121133449,0.0750409848742499,0.07504678823873988,0.9989705579555302,0.08743286132811166
17,0.07387894035813618,0.03835633279035585,0.03847517457184985,0.9254727474937877,0.04513549804686812
18,0.15047237331804317,0.08135719150515737,0.08246775661341162,0.8579823702238688,0.0944213867187356
19,0.11974005351837567,0.06368271245815525,0.06368968483615177,0.9982838931086093,0.08645629882811182
20,0.030706150341680987,0.01559246749641179,0.01559246749641179,0.9999999999901088,0.026062011718746024
21,0.02824525928638078,0.014324935400514483,0.014324935400514483,0.999999999988726,0.06871032714842702
22,0.03197646835562641,0.016248011185571856,0.016248011185571856,0.9999999999901088,0.06597900390623994
23,0.04877069434147999,0.024994855397080244,0.02505275516841591,0.9153623188352733,0.06015014648436583
24,0.051297453147517526,0.02632390111583344,0.02633079994449777,0.990144927530492,0.036010742187494504
25,0.22286905778135396,0.12540947461255428,0.12551621953908682,0.993264313332926,0.1526336669921642
26,0.06254961580515217,0.03228449942017282,0.03235955056179274,0.9329758713095042,0.04499816894530564
27,0.03743975903613894,0.019076998634065555,0.01908256317356703,0.9849445324803096,0.024749755859371225
28,0.09502714841645594,0.049883728441307104,0.057062105146477804,0.2839415387441089,0.1022491455077969
29,0.20399447663242504,0.11358232142289186,0.11872607665410882,0.7238836128503496,0.1467742919921651
30,0.00013131976362440394,6.566419331537434e-05,6.874151471926502e-05,0.0014646649578855195,0.07055664062498923
31,0.1241023859161275,0.06615626832956717,0.06616035318451635,0.9990675990652703,0.07684326171873827
32,0.07380099589410784,0.038314315258596535,0.038403491226468155,0.9428571428529338,0.19111633300778336
33,0.10010060362171558,0.052687317977222405,0.05268813854970523,0.9997044917228142,0.07186889648436404
34,0.10318622962825746,0.054399768306213195,0.054402394284602175,0.9991134751743526,0.10324096679685925
35,0.08375101050928438,0.04370570367869731,0.04371375088224695,0.995805662352339,0.048812866210930055
36,0.0841048357327303,0.04389845399755786,0.04390725209668785,0.9954561342153253,0.05351257324217934
37,0.023676618163568794,0.01198013360625633,0.012001462429857095,0.8708189157915707,0.04989624023436739
38,0.1616210042442559,0.08791495367244156,0.08791630233020573,0.999825540821703,0.09275817871092334
39,0.01854156296664719,0.009357533128177895,0.009361942760200848,0.952076677301085,0.037231445312494324
40,0.24335606530271497,0.13853465719258098,0.1389793702497067,0.9774236387771387,0.1619720458984128
41,0.1777126780172031,0.09752176611964641,0.10457594428986593,0.5911239749150109,0.13482666015622943
42,0.0320717097527254,0.016297194319359838,0.016297758841661247,0.9978791092152929,0.13331604003904216
43,0.14225242949977013,0.07657252888317129,0.0833682739342971,0.48436865610994273,0.1218872070312314
44,0.28953011250823435,0.1692693420828364,0.16935059304447536,0.997173595914481,0.18096923828122238
45,0.26014765064893525,0.1495228320644369,0.1495228320644369,0.9999999999989755,0.15283203124997669
46,0.04007670182166186,0.02044809705507934,0.02053818562981795,0.8233749179197415,0.08337402343748729
47,0.09110898501097889,0.04772875156076047,0.04775562633069139,0.9883466860852573,0.173751831054661
48,0.06121088988215178,0.031571711210215694,0.03398487555723393,0.30778032036562963,0.1186676025390444
49,0.12213519422042216,0.06503939678965275,0.06511369425275705,0.9827586206873654,0.07478332519530109
50,0.18504080545191898,0.10195314914393629,0.10198781958139828,0.9966767371586153,0.11318969726560774
51,0.06360764254549968,0.03284853005158294,0.032868448466185786,0.9818857408221928,0.05026245117186733
52,0.19200400355869218,0.10619713978162292,0.10620857235130551,0.9989874150137437,0.11309814453123275
53,0.08626698168929618,0.04507785613974829,0.045086901491055924,0.9955691888173294,0.055816650390616486
54,0.14179734897935065,0.07630887239422786,0.07662555402465487,0.9486230990527156,0.14741516113279002
55,0.24926646746880815,0.14237830191578119,0.14239362765448135,0.9992446314869976,0.1488952636718523
56,0.03003075438701833,0.015244275743844857,0.015244275743844857,0.9999999999899598,0.018249511718747218
57,0.1531933072267493,0.08295037473397235,0.0829580505860452,0.9988857938700114,0.09260559082029837
58,0.0640341515474821,0.03307607497243132,0.03367167675189771,0.6515580736523401,0.07664489746092581
59,0.09993458147719698,0.0525953372462779,0.052638487792062774,0.9846531614457193,0.11825561523435696
60,0.08201692843885967,0.04276207108131673,0.04381821406115788,0.6395294117632011,0.07160949707030158
61,0.16750945480811805,0.09141081532323975,0.09249323468221113,0.8865067466253576,0.10319519042967176
62,0.1441046784630155,0.07764698622316332,0.078051579486054,0.9374185136879541,0.08773803710936162
63,0.05321627756647477,0.02733548516624804,0.027365068567272097,0.9619565217339024,0.03898620605468155
64,0.04731704284025877,0.024231810221298482,0.024244934369819,0.9781491002507832,0.06481933593749012
65,0.044692366437545344,0.022856948784124826,0.024881691807148446,0.2192896709018596,0.5609893798827269
66,0.05587480132044629,0.028740330796800714,0.02874575418291157,0.9934782608641659,0.05737304687499125
67,0.047306777282979426,0.024226425704062072,0.024228317920516086,0.9967866323843395,0.04678344726561787
68,0.09667488583141035,0.05079262870633631,0.05079730144126789,0.9981922265712618,0.05528259277342907
69,0.15471235532240227,0.08384186377047632,0.08386777727980901,0.9963282540829882,0.09512329101561048
70,0.07732949814547312,0.040219839057646305,0.040219839057646305,0.9999999999960846,0.07002258300780181
71,0.22179241104381783,0.12472807585643655,0.1258166102716798,0.9351344621502302,0.19573974609372014
72,0.06677156994709334,0.034538893029452296,0.0422798972413526,0.15870583994217852,0.24888610839839953
73,0.02033621328813867,0.010272559120716286,0.010272559120716286,0.999999999985119,0.01206970214843566
74,0.11084714249876627,0.05867558152249408,0.05868383226047456,0.9976095617503384,0.08055114746092522
75,0.1834041799503803,0.10096036659677587,0.10837447016342369,0.5960855799668079,0.15579223632810124
76,0.16489967833597807,0.08985867224220813,0.0932174366835576,0.7137862137853225,0.11659240722654471
77,0.2684406656531731,0.15502828019141107,0.15504273504271096,0.999398978262046,0.17024230957028652
78,0.04413656298912949,0.022566280525486496,0.02431610942248825,0.23872590108928965,0.05885314941405352
79,0.2711850790632545,0.15686183395288772,0.1570661951733735,0.9917735775134738,0.16941833496091166
80,0.2737043992487748,0.15855013424680453,0.15861132122070382,0.997572815533012,0.16792297363278688
81,0.10162619412235083,0.05353328928565119,0.053534934464258284,0.9994262765318433,0.060104370117178334
82,0.06842410455416263,0.0354239793090653,0.03543652688154938,0.9901032702194918,0.0439605712890558
83,0.3050230494333553,0.1799570485789695,0.18125838793713095,0.9616351147587856,0.20176696777340672
84,0.3550703154203644,0.2158574428736771,0.2200370642553248,0.9191191191185057,0.23655700683590142
85,0.023829176386143222,0.012058257363888415,0.012865474414366538,0.16120417577042678,0.16989135742184908
86,0.0,0.0,0.0,0.0,0.09437561035154811
87,0.08356924470613303,0.04360671236113535,0.045643837875717304,0.4941964285703255,0.2590637207030855
88,0.002702481369256674,0.0013530690065190552,0.0014464485305394714,0.020528771384073007,0.25671386718746086
89,0.03971521436309554,0.0202599207289118,0.022137101644318695,0.19284533293222178,0.053283691406241875
90,0.11480774071275637,0.060899751814259544,0.06824742993943314,0.3612897213676626,0.08775329589842411
91,0.0,0.0,0.0,0.0,0.02877807617187061
92,0.05554051207990259,0.028563470941383215,0.02882078343819319,0.7618654560430794,0.04202270507811859
93,0.060591944365870766,0.031242493909338222,0.031246246503881116,0.9961706783315308,0.13841247558591638
94,0.0,0.0,0.0,0.0,0.01724243164062237
95,0.1265281173593948,0.06753670473082149,0.06758710760762045,0.9890784982912649,0.08419799804686215
96,0.07334686082596184,0.03806957222066752,0.03806957222066752,0.9999999999959317,0.05230712890624202
97,0.051806041050453853,0.026591829223404095,0.026591829223404095,0.9999999999942331,0.0314636230468702
98,0.04299590440471967,0.021970267973118983,0.022099269272333636,0.7900807381730677,0.06941223144530191
99,0.038191798715530474,0.01946765167488079,0.019505686511211085,0.9089563286387199,0.056228637695303924
100,0.1601614314339514,0.08705189366629028,0.08705456442036431,0.9996477012488997,0.09185791015623598
101,0.04436240301351517,0.02268436804542665,0.022693423820414456,0.9827127659509128,0.028366088867183174
102,0.2575556293589813,0.14781282759932848,0.14825081246413238,0.9804045511999784,0.18133544921872233
103,0.12033346618836849,0.06401851819128443,0.07338464654647087,0.334040199151453,0.19174194335934575
104,0.03847418097577935,0.019614414759484885,0.019614414759484885,0.9999999999918634,0.06266784667967794
105,0.1469889535574078,0.07932438062881329,0.08614088820825454,0.5006067961159986,0.12335205078123118
106,0.2731765802970395,0.15819601308397238,0.15819601308397238,0.9999999999990246,0.16749572753903694
107,0.2677278534922983,0.15455299794090868,0.15455299794090868,0.9999999999990057,0.16046142578122552
108,0.027379639838290552,0.01387983232417111,0.013902279725062375,0.8957915831573567,0.0308227539062453
109,0.0849678095523123,0.04436886751885299,0.04438448302830354,0.9921328671285309,0.25396728515621125
110,0.06497533258999176,0.033578555190699425,0.03575330722293528,0.3556856187285022,0.06590270996092745
111,0.12903131358969844,0.06896497762197287,0.06925216462120005,0.9432791095870221,0.09217834472654844
112,0.2032711254394337,0.11313400052589938,0.11316200702425802,0.9978171896302895,0.1251373291015434
113,0.04155703567830261,0.021219426062119608,0.021225292193328128,0.9871428571358062,0.027297973632808337
114,0.19732422905040703,0.10946185233657565,0.1094685945704394,0.9994376493729799,0.11749267578123208
115,0.08959796175251526,0.04690005556877878,0.046962687397649173,0.972350230411546,0.08399963378904969
116,0.15648654943516996,0.0848849512799727,0.0852646774218999,0.9501502563179245,0.11581420898435733
117,0.2892538789474001,0.16908054058274055,0.1696690340686124,0.9798985874674212,0.18849182128903375
118,0.021596116328656958,0.01091592900059458,0.01091609589040929,0.9986013985874321,0.012832641601560543
119,0.15709952498137741,0.08524579981986814,0.08524579981986814,0.9999999999981786,0.10107421874998458
120,0.09395011419102087,0.0492904802180169,0.049319061574378334,0.9883793969818204,0.07380676269530125
121,0.09578452940125813,0.05030130827113837,0.05031230480948621,0.9956736711959343,0.07177734374998905
122,0.03493726692131793,0.017779211998276204,0.017779211998276204,0.999999999991357,0.024673461914058736
123,0.0281248544864687,0.014262999637912775,0.01499205718824216,0.2267834793486188,0.0445709228515557
124,0.1681054846883752,0.09176591953482577,0.09266390984562445,0.904483130486975,0.11335754394529521
125,0.14263477329523133,0.07679414433115334,0.07688044582652223,0.9855930530866674,0.0839080810546747
126,0.026192278576831766,0.013269924062282232,0.013269924062282232,0.9999999999884392,0.01855468749999717
127,0.02521291587524888,0.01276740975163079,0.012768796350883923,0.9915662650482944,0.028961181640620583
128,0.06574059118071969,0.0339874739039524,0.03709780329959115,0.2884479092831735,0.6469726562499013
129,0.024354664806237023,0.012327447833063833,0.012346671382407224,0.8878612716660362,0.06109619140624068
130,0.025599901301581397,0.012965913706374706,0.012965913706374706,0.9999999999879517,0.035888671874994525
131,0.18584705409899235,0.10244288086013086,0.10247366589692493,0.9970760233902785,0.1338195800781046
132,0.07446492967199925,0.038672331041633375,0.03870999156007942,0.975460122695397,0.09535217285154796
133,0.030799455946799035,0.015640588786048466,0.0156468330134333,0.9751196172155492,0.021423339843746732
134,0.07087681877046227,0.03674043185012609,0.04096007889128833,0.2628842676308059,0.0694732666015519
135,0.1331985791358689,0.07135123085250926,0.08065154787615539,0.3822400409448245,0.11009216308592071
136,0.0007220896646991206,0.00036117523280093574,0.0003783019178261821,0.007914659325506144,0.02865600585937063
137,0.08976433552030219,0.04699123631154266,0.04699123631154266,0.9999999999967224,0.05584716796874148
138,0.05252179327520976,0.026969130177605077,0.026969130177605077,0.9999999999940724,0.07125854492186413
139,0.110822460560482,0.05866175001919664,0.05866175001919664,0.9999999999973809,0.06513977050780256
140,0.09964768056369648,0.05243642431170589,0.05243642431170589,0.9999999999970537,0.06414794921874022
141,0.0908201842093607,0.04757026208751834,0.04757462686566437,0.9980750721815911,0.04957580566405494
142,0.08738671951827051,0.04568969608757524,0.04585582724673772,0.9265319217166297,0.07957458496092536
143,0.12186853596872532,0.0648881818459839,0.0649149922720148,0.9936753337994995,0.06719970703123974
144,0.12622480092357743,0.06736389775347289,0.06798144221416898,0.8811737962370714,0.09921264648435986
145,0.1124684836114611,0.05958495666692223,0.05958495666692223,0.9999999999973312,0.09762573242186011
146,0.02428331622092533,0.012290889893421935,0.013461503713204297,0.12383643617000692,0.08647155761717432
147,0.15472434078041533,0.08384890355398299,0.09332797735183188,0.45221985355412714,0.18656921386715905
148,0.04657554934681771,0.023843025683047973,0.023843763046802455,0.998704663205967,0.0366973876953069
149,0.18470803800971766,0.10175114630442376,0.10198415810523065,0.9780385078204301,0.12416076660154356
150,0.09163097651307073,0.04801533423847169,0.053866141026780064,0.3065470120331363,0.09059143066404868
151,0.21352372026349845,0.11952228119983344,0.1196958926970795,0.9880102040803724,0.12930297851560527
152,0.28881447104731983,0.16878033746819188,0.16878033746819188,0.999999999999087,0.17691040039059802
153,0.049332833705330925,0.02529023636515071,0.02727289103452754,0.25809751108036466,0.10963439941404578
154,0.27670451487915343,0.16056707469395445,0.1605996720543202,0.9987374963571926,0.1796264648437226
155,0.2325684513911661,0.1315855494229598,0.13283525389386272,0.9332740213512752,0.15490722656247638
156,0.07208034603305208,0.03738762965808108,0.03738935333168838,0.998768472902304,0.04415893554686826
157,0.04756756756756043,0.0243632336655555,0.024371855430581083,0.9856876166709043,0.0321044921874951
158,0.30278007156615905,0.17839766461236298,0.17908087323242078,0.9790624735093845,0.18833923339840877
159,0.3051758008258422,0.18006339594073897,0.18136188191937652,0.9617587601070066,0.20664978027340597
160,0.03391911595425771,0.01725214676034079,0.01725214676034079,0.9999999999909504,0.03953552246093147
161,0.1822811163627923,0.1002801467287684,0.1002801467287684,0.9999999999984566,0.11300659179685776
162,0.09613359633379862,0.05049387716946835,0.050523001137967774,0.9887126296492108,0.07005310058592681
163,0.1617336152219446,0.0879815986198712,0.08980717870451978,0.8123174940249208,0.5159912109374213
164,0.13347963984545622,0.07151255496318529,0.07269631279060962,0.8145294441371959,0.12037658691404414
165,0.18942487472886255,0.10462138360621506,0.10787052810901059,0.7764561618629351,0.1731109619140361
166,0.19609096086790725,0.10870335289314348,0.1087050271069325,0.999858336873495,0.11695861816404465
167,0.0590245510956475,0.030409736057695036,0.030584982447415178,0.8414529914493956,0.04205322265624359
168,0.06977645305513118,0.0361494155252496,0.03616728722171023,0.9865149599621302,0.04757690429686774
169,0.09320039997645826,0.048877920876062485,0.048877920876062485,0.9999999999968444,0.05905151367186599
170,0.02816805810085723,0.014285222539669153,0.014285222539669153,0.9999999999879517,0.12609863281248077
171,0.07478626157440542,0.038845692860868676,0.038848677638953354,0.9980260560560679,0.04556274414061805
172,0.07574863437588698,0.0393652491192691,0.039368964107074876,0.9976086090035967,0.06797790527342713
173,0.026312452447370925,0.013331620032764733,0.013331620032764733,0.9999999999879517,0.06268310546874044
174,0.12098772546531998,0.06438900219280444,0.06439393939392953,0.9988106565152265,0.06900024414061448
175,0.13552166027411539,0.07268610065700187,0.07283826325965245,0.9720622734037704,0.1127014160156078
176,0.11607103251465807,0.06161115122593451,0.06161115122593451,0.9999999999974523,0.08781433105467411
177,0.15523460556891955,0.08414869773551524,0.08415650265113325,0.9988990825669745,0.09590148925779787
178,0.2107783731693833,0.11780450784218999,0.12439894524582935,0.6896617618950032,0.17521667480466077
179,0.04961946425360316,0.025440914398078808,0.025440914398078808,0.9999999999939614,0.032043457031245115
180,0.1837466343364349,0.10116795256112485,0.10158563063357762,0.960946009022933,0.1627349853515377
181,0.22480212581526654,0.1266349679009771,0.12963387852762634,0.8455371459103734,0.16758728027341194
182,0.20308419005276424,0.11301819981133537,0.11353962780002587,0.9609518800933987,0.12472534179685597
183,0.2866670195310053,0.16731541550816076,0.16733609343135275,0.9992619926190043,0.17742919921872294
184,0.1045955937603161,0.055183787383835725,0.0573358596259894,0.5951770138522402,0.09085083007811114
185,0.24640136644761543,0.14051183761957167,0.14079274627709273,0.9859993385503406,0.1652069091796623
186,0.21148995266839393,0.11824923935089404,0.11845384554327829,0.9856029586567354,0.15097045898435196
187,0.06071636358210722,0.03130865565093829,0.03131443695564717,0.9941377625745279,0.03926086425780651
188,0.03132581271227085,0.01591213666260788,0.015917040324193606,0.9810066476639981,0.02517700195312116
189,0.2721535982813813,0.15751029606027547,0.15886824986281703,0.9485259709864777,0.17282104492184863
190,0.2823172274221734,0.1643593519881925,0.16462732919252102,0.9901933314644716,0.1775054931640354
191,0.1489095510250293,0.0804442328074714,0.0804442328074714,0.9999999999980905,0.0865478515624868
192,0.025753778744459825,0.01304486667730911,0.013050075872532058,0.9703087885870509,0.05680847167967883
193,0.19628342476373664,0.10882165605093809,0.11015829008025563,0.8996840442326228,0.1460266113281027
194,0.10043241210752013,0.052871196975384935,0.05971517360100612,0.3156837253276023,0.2698974609374588
195,0.13424056042498883,0.07194955446966227,0.07796834543577044,0.4824138761738347,0.2117462158202802
196,0.2491622851226947,0.1423103255118967,0.1448343573826337,0.8909020066229388,0.15890502929685077
197,0.23254925503462417,0.13157325922492952,0.13157325922492952,0.9999999999988265,0.14172363281247838
198,0.048908965622839154,0.02506749544797748,0.0252119413352659,0.8139653414841287,0.05226135253905453
199,0.0893307026862818,0.04675361812317557,0.046781115879820895,0.9875838926141357,0.08441162109373712
200,0.11867975445566284,0.06308322824715273,0.06434393941828957,0.76301239275355,0.0930480957031108
201,0.05299479166665804,0.027218618337452816,0.027272422689042907,0.9324169530301695,0.11218261718748289
202,0.10807687629240542,0.05712540585719338,0.05721461113703862,0.9734319364530993,0.104919433593734
203,0.0735598839618623,0.038184360546406955,0.038184360546406955,0.9999999999959759,0.04489135742186815
204,0.11283130856832116,0.05978867129399173,0.05979700937474862,0.9976732161297889,0.0740203857421762
205,0.06551167411822133,0.0338651173241688,0.033867291579719135,0.9981078524077668,0.08148193359373757
206,0.05479321819045242,0.02816832570338897,0.028176129326636438,0.9902634593299527,0.0897827148437363
207,0.11791117618348497,0.06264910279015617,0.06275976724853444,0.9726247987091449,0.17263793945309866
208,0.1118982637477336,0.05926495463631259,0.05927953979142042,0.9958656330723621,0.06652832031248986
209,0.146634649540325,0.07911804842146014,0.07931871983274214,0.9690140845052225,0.08357238769529975
210,0.09484166876098034,0.049781515376362474,0.049781515376362474,0.9999999999966876,0.12069702148435658
211,0.20936365698726614,0.11692137144665185,0.11707897240721264,0.9886181039086923,0.14913940429685224
212,0.1661229775584535,0.09058566933636825,0.10209962118157047,0.44545054945015783,0.22380065917965336
213,0.030231430994785195,0.015347707071015387,0.015347707071015387,0.9999999999899799,0.02301025390624649
214,0.15456782973792463,0.08375698236363463,0.08391762301523599,0.9776556776538871,0.10897827148435837
215,0.18346245530390592,0.10099568590782917,0.10858140519185444,0.5911098310286184,0.16372680664060002
216,0.09303162535425301,0.048785090823299716,0.05265033861193669,0.3992277992272854,0.07710266113280073
217,0.2812682254386987,0.16364870284107666,0.16367394792049803,0.9990583804133718,0.17260742187497366
218,0.1412541454033131,0.07599432975411403,0.07736199575370267,0.8112715254812815,0.13468933105466696
219,0.2831466173591088,0.16492183911684302,0.1656564692406552,0.9738146450940112,0.1954650878905952
220,0.26681287527243386,0.15394349027048843,0.1539767553133782,0.9985985985975989,0.16340637207028758
221,0.09601428069763315,0.050428046662457864,0.05045441264665758,0.9897435897406042,0.057281494140616264
222,0.05702568400885215,0.02934968493382388,0.029359636279567027,0.9885832900830899,0.0386657714843691
223,0.3245532402723954,0.1937114613687644,0.1949164898183682,0.969072164947673,0.23582458496090153
224,0.33465897275936596,0.2009552201532409,0.20323919872449397,0.9470393527025031,0.2188415527343416
225,0.09708652920760345,0.05101993900288878,0.05101993900288878,0.9999999999969962,0.05517578124999158
226,0.16448132066546803,0.08961026794077671,0.08973917938452437,0.9842222603310166,0.11033630371092067
227,0.08761575740126232,0.04581493376153389,0.04581493376153389,0.999999999996349,0.12956237792966774
228,0.19083453931497174,0.10548208191124406,0.10999888777664517,0.71979621542853,0.23214721679683958
229,0.06482706482705258,0.03349936517237358,0.04113498992611505,0.1528793011230586,0.24499511718746264
230,0.11002944534581606,0.05821754475214489,0.058312101910818745,0.972901168966597,0.09606933593748535
231,0.13777024162778753,0.07398133394034764,0.08271524141941487,0.41198840999600506,0.13098144531248002
232,0.19550724022248708,0.10834470748809898,0.11023496360616297,0.8633579197388882,0.13276672363279224
233,0.26630932500131094,0.15360832750716172,0.15362980918637678,0.9990905416319733,0.16873168945309927
234,0.1436978279234055,0.07741079555094992,0.07928582714487609,0.7659899252010899,0.08744812011717416
235,0.27185405107671295,0.15730965966508229,0.15777327303911465,0.9816629475104475,0.1729583740234111
236,0.2802010483620649,0.16292663051992307,0.16333359516139137,0.9849374763158535,0.1849212646484093
237,0.1072893104706155,0.05668553100278236,0.056686405131992246,0.9997280391596418,0.06657409667967734
238,0.0772299251130604,0.040165969983489355,0.040180844661835885,0.9908675799049054,0.0504913330078048
239,0.31159468131457735,0.18454969186971182,0.185524702034626,0.9723114956728699,0.2044830322265313
240,0.343785738982374,0.20757322713254633,0.21628405059898664,0.8375016197998979,0.2470397949218373
241,0.22301241757777115,0.12550026785993673,0.12567650725024446,0.9889495902644786,0.15312194824216413
242,0.05616032039988916,0.028891436361378597,0.02906840817343957,0.8259521700583439,0.043472290039055866
243,0.03301965167741144,0.01678697588695795,0.016792907953966724,0.9793906809948084,0.023178100585933965
244,0.08511365047818825,0.04444840838697449,0.05133054926121251,0.24897810881983015,0.10086059570310961
245,0.17216828478961926,0.09419263456089169,0.1010979729729559,0.5796610169485911,0.12178039550779392
246,0.0005072762436193356,0.00025370247042776555,0.00026567922554501344,0.0055963623644435245,0.03793334960936921
247,0.12201026718000788,0.06496854857496856,0.06496854857496856,0.9999999999976094,0.08139038085936258
248,0.0257262023400831,0.013030716595933177,0.01339611762444486,0.32328385899664525,0.19445800781247033
249,0.09344147212138827,0.04901054478792144,0.04909439055779749,0.966326845841933,0.07386779785155123
250,0.0991409013644356,0.05215583913378897,0.05215583913378897,0.9999999999969108,0.10237121582029689
251,0.0879301489470852,0.04598689158697049,0.04600030707814433,0.9936981757844322,0.051620483398429624
252,0.08455710692390997,0.04414493756486583,0.044289816655614836,0.9310116086204611,0.07258605957030143
253,0.1731018910527557,0.09475180372949546,0.09475180372949546,0.9999999999983695,0.10592651367185885
254,0.08597581431011903,0.04491887560926005,0.04506179041494272,0.9340506768450745,0.12693786621091813
255,0.08755863301316451,0.045783695398263796,0.045826513911612646,0.9799999999965,0.12734985351560557
256,0.03618960802187235,0.018428259759547816,0.018799722187141876,0.4825769854113348,0.032012939453120115
257,0.024802069452061645,0.012556751436642767,0.012556751436642767,0.9999999999873578,0.05085754394530474
258,0.011861530898651804,0.005966149281349249,0.00628075301862289,0.10643141718808642,0.04917907714843
259,0.16239114391141515,0.08837089752444403,0.0896249470494168,0.8633082234763602,0.13409423828122954
260,0.13547380028353043,0.07265856618380119,0.07266414723322079,0.998944033788809,0.07884216308592547
261,0.06915688367126675,0.03581693566215793,0.037879968823056165,0.3967346938759317,0.6007385253905334
262,0.02450502537900022,0.012404498970543586,0.012419080068140985,0.9135338345750184,0.11437988281248256
263,0.02225896328954682,0.011254741079029143,0.011267125410698148,0.9110275689108893,0.025451660156246118
264,0.13849328605473776,0.07439848860991548,0.07440662086194966,0.9985331098051162,0.09542846679686044
265,0.10537440552048345,0.055617535109585316,0.05562301053390614,0.9982332155447637,0.12167358398435645
266,0.06661933320240092,0.03445743217901699,0.034462279042865376,0.9959349593450952,0.05720520019530377
267,0.04448272679729835,0.022747294236090055,0.024934473720508877,0.20592423810850766,0.052093505859367055
268,0.23841023472766426,0.1353381130088519,0.14153158550999279,0.7556631506132149,0.14796447753903993
269,0.0,0.0,0.0,0.0,0.029510498046870497
270,0.075290814878959,0.039118021289135226,0.039118021289135226,0.9999999999960334,0.0550994873046791
271,0.05021807608431515,0.02575573989498466,0.02575573989498466,0.9999999999939687,0.043029785156243436
272,6.166748889984249e-05,3.0834695199033204e-05,3.118130369030243e-05,0.0027662517288690697,0.010314941406248427
273,0.11289987844286625,0.05982717989001417,0.059987397605535606,0.9572649572625509,0.08688354492186175
274,0.07561925718872467,0.039295372015755343,0.039295372015755343,0.9999999999960677,0.05133056640624217
275,0.05881127414505509,0.030296525712178363,0.030296990233202453,0.9994941831006602,0.03494262695311967
276,0.03174163783159835,0.016126763864795193,0.016368481157210957,0.5220030348987253,0.039291381835931505
277,0.12727690628050806,0.067963548218823,0.06798232152721319,0.9959532374078328,0.07299804687498887
278,0.1433304171984822,0.07719758998917392,0.07723577235771165,0.9936369059435403,0.088546752929674
279,0.1208216102744842,0.06429491257194168,0.06429491257194168,0.9999999999975869,0.07975769042967533
280,0.1287989955069923,0.06883226077675697,0.07045796851982482,0.7489444053470287,0.121261596679669
281,0.2402185104678755,0.13650473760338436,0.14186781075280952,0.7831235431228128,0.18930053710934613
282,0.05008211417636467,0.025684217033175343,0.025684217033175343,0.9999999999939833,0.037979125976556706
283,0.17552233561250158,0.09620415696973017,0.09707354203441511,0.9148351648337686,0.14076232910154102
284,0.25299240576879356,0.14481471437456814,0.14685280748011925,0.9125452352222431,0.18199157714840974
285,0.19243288945251993,0.10645960989754644,0.10881968571700049,0.8307579997556506,0.12553405761716835
286,0.29787792490711196,0.17500385505008867,0.1750335446258926,0.9990316901399656,0.1836395263671595
287,0.09641558753716667,0.05064949413639367,0.053021165507319036,0.531027635279611,0.08221435546873745
288,0.2576663766854804,0.14788578561395727,0.14792733175175618,0.9981044650368596,0.16668701171872458
289,0.22328512100813072,0.12567301802235456,0.12611825608668994,0.9726762320636648,0.17239379882809872
290,0.060623221018425315,0.031259124928916804,0.03125960533595143,0.999508599503688,0.03816223144530668
291,0.03543336692183372,0.01803622555999295,0.0180392637285201,0.9907485281666044,0.02137756347655924
292,0.2884955285303126,0.16856253275375804,0.1699244849124942,0.9546089385466526,0.17691040039059802
293,0.2909446732172312,0.17023712963402035,0.17268972638097368,0.9229973268940906,0.20390319824215639
294,0.16238794095498282,0.08836900049479089,0.0896105117912554,0.8644683103904637,0.10038757324217219
295,0.02340725898264593,0.011842226522899296,0.011849142435604008,0.9530284301489119,0.018325805664059704
296,0.10951605291599667,0.05793016813759294,0.0590805315112496,0.7484394506850844,0.10743713378904611
297,0.13659386922771075,0.07330332715557793,0.07534880345445591,0.7297487260574069,0.19888305664059466
298,0.14694018670045136,0.07929597611790545,0.08294571121880055,0.6431273644380289,0.09643554687498529
299,0.2335435335766908,0.13221018350345523,0.13450357603655133,0.8857652365458032,0.15429687499997646
300,0.21989936337602237,0.12353198400797671,0.12368264690244181,0.9902353530283047,0.1436462402343531
301,0.06108288750017817,0.031503609466536076,0.03160130870973755,0.9106344950808283,0.04399108886718079
302,0.08328047791133811,0.04344948593239496,0.04345951937434865,0.9947145877343386,0.05168151855467962
303,0.13245916954437842,0.07092705411536439,0.07197374861761961,0.8298494983260246,0.206497192382781
304,0.03109199553482975,0.015791492271004053,0.015791492271004053,0.9999999999894403,0.09939575195310983
305,0.06020886938095048,0.03103884146626441,0.03103884146626441,0.9999999999949724,0.052551269531241986
306,0.07944330837243031,0.04136472967382511,0.04136472967382511,0.9999999999962963,0.0452117919921806
307,0.0970767176138749,0.05101451987709556,0.05102168148493979,0.9972560975579352,0.07153320312498909
308,0.05857219755079085,0.03016965012909523,0.030190053409164495,0.9780898876349546,0.1460266113281027
309,0.028822303045055193,0.014621869499426456,0.014621869499426456,0.9999999999894403,0.026199340820308503
310,0.05992949471209438,0.030890369473041843,0.030890369473041843,0.9999999999949724,0.0478515624999927
311,0.11591236667625889,0.061521749108759086,0.061574506531084094,0.9862644101030507,0.06405639648436523
312,0.09081594634871915,0.04756793677122708,0.04900400408784718,0.6187856991736433,0.10635375976560878
313,0.1154610639143516,0.06126753961060326,0.06126753961060326,0.9999999999974497,0.08329772949217479
314,0.15827462505940582,0.08593823336148097,0.08595975086850396,0.9970956616427716,0.10850524902342094
315,0.1627935458191478,0.08860928255977192,0.0965305640783398,0.5191875793374483,0.16552734374997474
316,0.04645134063813374,0.023777928650780187,0.023777928650780187,0.9999999999935107,0.03462219238280722
317,0.1917261055634534,0.10602713789837394,0.10636950740785958,0.9705372616970386,0.13543701171872935
318,0.1886760006305171,0.10416468875595682,0.11028463252414765,0.6524281466792344,0.13612365722654174
319,0.19745639029811698,0.10954319731036835,0.11020091536729343,0.9483311081429261,0.11897277832029435
320,0.2768232099092168,0.1606470163137659,0.1606470163137659,0.9999999999990428,0.16703796386716202
321,0.11367485510960182,0.06026259863922172,0.0627939712294327,0.5991809991800178,0.12959289550779274
322,0.2597431571314668,0.14925564476064465,0.15015315170076574,0.9614947868267146,0.18992614746090852
323,0.22546381532357662,0.12705506783717047,0.12768892667509463,0.9623987425934439,0.16549682617184974
324,0.06370991908899255,0.03290308601850483,0.032929077025535845,0.9765732659578477,0.04650878906249291
325,0.0466488097029454,0.02388142487365588,0.023887681661962507,0.9891512444097693,0.03329467773436992
326,0.29098376946004756,0.17026390051785123,0.17092114684180013,0.9779143289687613,0.18345642089840952
327,0.2889817160856962,0.16889458096531357,0.17076171053054762,0.9391970088124817,0.2078399658202808
328,0.1256680255253993,0.06704683441183126,0.06705714153944457,0.9977127172895752,0.07383728027342623
329,0.13308821400652368,0.07128789641000678,0.07129784726098529,0.99804602691924,0.08618164062498686
330,0.11909585088241703,0.06331840510761289,0.06331840510761289,0.9999999999975526,0.07768249511717565
331,0.1418549346016436,0.07634222819477886,0.07696401787009065,0.9043016865626221,0.11901855468748185
332,0.21456849964621721,0.12017739106972208,0.1280038794496699,0.6627917790377914,0.2038421630859064
333,0.05933384276530779,0.03057395654791764,0.03057395654791764,0.9999999999949496,0.04203796386718109
334,0.20502200362409684,0.11421978655896642,0.11535100495191843,0.9209302325569497,0.15652465820310113
335,0.23427320010946698,0.13267805649435171,0.13516544262810784,0.8781939456122337,0.14636230468747768
336,0.07566783512630308,0.039321608040194835,0.042635790907535734,0.3359270190497237,0.06652832031248986
337,0.28185179785552456,0.16404393841214415,0.16411483253585984,0.9973736047265759,0.17320251464841108
338,0.05256333532813808,0.026991037131877595,0.0297717686049959,0.22419171866105475,0.13034057617185513
339,0.1578857418081572,0.0857089841773075,0.09200376634192374,0.5560906205531836,0.1729583740234111
340,0.11705955334985778,0.062168484169594085,0.06592945862375034,0.5214868039235574,0.13128662109372996
341,0.07094514367132644,0.036777152001964,0.036777152001964,0.9999999999958159,0.04486083984374316
342,0.03206030607147237,0.016291305150449773,0.016297823878848795,0.9760368663504514,0.024276733398433798
343,0.2591111899466142,0.14883844875691307,0.14994078168177657,0.9529305499789713,0.17146301269528635
344,0.21333175921960165,0.11940199884362446,0.1250540666793327,0.72541148133207,0.18659973144528402
345,0.10514980864654107,0.05549241260673719,0.05550861128607668,0.9947687224642214,0.06166076660155309
346,0.11174484926083812,0.05917889286153693,0.05920809177253312,0.9917355371875214,0.06848144531248955
347,0.10860786083044503,0.05742218050992376,0.05742218050992376,0.999999999997276,0.08052062988280022
348,0.14035035761351966,0.07547139763025935,0.07554960383884524,0.9864696086573971,0.11418151855467008
349,0.18777507834227883,0.1036157687151288,0.11385324822268657,0.535388013251144,0.29602050781245487
350,0.05752324661561255,0.029613351364637695,0.029613351364637695,0.9999999999948106,0.036483764648431935
351,0.1898222820698457,0.10486389274910408,0.10689999999998219,0.8462857896808995,0.1645660400390374
352,0.2276672619294506,0.12845627518978217,0.12979039080748,0.9259092444534107,0.14869689941403982
353,0.03736159443213582,0.019036412579180994,0.020801409070890217,0.18324282389420754,0.0713806152343641
354,0.25847920119655327,0.14842154131845428,0.14846289588555334,0.9981267561650554,0.16032409667966305
355,0.14736747957782073,0.07954490593970494,0.08122319535960018,0.7938011883719387,0.1272277832031056
356,0.1279244406595761,0.06833294736492733,0.07260871093611407,0.5371213106221076,0.14057922363279104
357,0.13107554455151782,0.07013421231093253,0.07177211103936866,0.7544960977252214,0.10034179687498469
358,0.051421648543943016,0.026389315320843355,0.026389315320843355,0.9999999999941828,0.03227233886718258
359,0.22531138153182173,0.12695826140266744,0.12815543467637405,0.9314630681807156,0.1743164062499734
360,0.1687500958632807,0.09215022782094409,0.09693562882163617,0.651160037878017,0.1730499267577861
361,0.0940339786645457,0.04933665008291117,0.04933665008291117,0.9999999999968877,0.05531311035155406
362,0.15629059658237002,0.08476964769646383,0.08479197001144943,0.9969040247659864,0.09819030761717253
363,0.07812853501454305,0.04065232063536271,0.04065232063536271,0.9999999999961391,0.06736755371092722
364,0.20123854026869514,0.11187616856031356,0.11657269168085035,0.735231568997241,0.24620056152339995
365,0.060144205404759926,0.031004472380025183,0.038509658692813906,0.13725140461951552,0.2660675048827719
366,0.10372181796491356,0.05469757493787081,0.054713923891318655,0.9945667715156004,0.08282470703123737
367,0.15081996864823485,0.08156045711676016,0.0899092461137407,0.4676137956814023,0.1403503417968536
368,0.17869230112906648,0.09811208794639234,0.1010811158660026,0.7695982361578031,0.11871337890623189
369,0.26344696969693404,0.15170683825932854,0.15170683825932854,0.9999999999989729,0.1692199707030992
370,0.09840449505722508,0.05174838434432794,0.0542658779473324,0.5272902914176022,0.08428955078123714
371,0.26811241065623403,0.15480936078410562,0.15516836151107705,0.9852750970042927,0.1750183105468483
372,0.2776169026168654,0.16118185497677992,0.16149107073225275,0.9882599980901132,0.17779541015622288
373,0.10012742958415477,0.05270218179013913,0.05270380707136868,0.9994152046754403,0.06254577636717795
374,0.06876254180600985,0.035605430867270776,0.035605430867270776,0.9999999999956767,0.04405212402343078
375,0.3021129887428759,0.17793468395708495,0.17859403708676047,0.9796730752934871,0.18457031249997186
376,0.3733876955213644,0.2295492874935821,0.23095723648361055,0.9741300065653485,0.24018859863277586
377,0.1253171571057591,0.06684712434466376,0.06685752516686112,0.9976781982795503,0.08471679687498708
378,3.1534798650305645e-05,1.576764793995431e-05,1.596780889726057e-05,0.0012562814070193934,0.03228759765624507
379,0.10911072938687416,0.057703394420073426,0.058398161244685574,0.82906626505816,0.176971435546848
380,0.0838795806020844,0.04377573546679342,0.04383956850323876,0.9678089304224029,0.06806945800780212
381,0.05041912062571275,0.025861517805762763,0.028287702367210694,0.23167239404319634,0.07003784179686431
382,0.29332598772229745,0.17186995619088896,0.1719413175862441,0.9975910064230927,0.17794799804684786
383,0.010562075355155874,0.005309075103231192,0.005535324107792258,0.1149579831928909,0.0222778320312466
384,0.06373828449399933,0.03291821760641623,0.03291821760641623,0.9999999999953467,0.03665161132811941
385,0.04952780055266322,0.02539272313991291,0.02539272313991291,0.9999999999938689,0.044799804687493165
386,0.0,0.0,0.0,0.0,0.04249572753905602
387,0.12113185891491618,0.06447065457449298,0.06449489963802872,0.9942028985483232,0.08863830566404898
388,0.06749434321780584,0.03492581922383107,0.03492581922383107,0.999999999995589,0.04415893554686826
389,0.05187819382600904,0.026629851204168335,0.026629851204168335,0.9999999999942397,0.03176879882812016
390,0.05214387624839647,0.02676988080000821,0.02676988080000821,0.9999999999942397,0.03697204589843186
391,0.025251076040168356,0.012786980528914058,0.012786980528914058,0.9999999999880382,0.01515197753906019
392,0.15842534805566655,0.08602711157454364,0.08602711157454364,0.9999999999982175,0.09054565429686119
393,0.09729473886611291,0.05113495024874827,0.05114131110833886,0.9975735517106534,0.06874084472655201
394,0.09923075760551026,0.0522055783481137,0.05225044563279026,0.9838178004165903,0.09053039550779869
395,0.10970936744677981,0.05803835958208981,0.05841455184643684,0.9001209189821037,0.07824707031248807
396,0.16455512712721937,0.08965408308322703,0.09107246004747914,0.8519963974769559,0.12057495117185661
397,0.15007874239176114,0.08112709758565495,0.08112834199989552,0.9998109640812858,0.0859222412109244
398,0.044021665741414875,0.022506213371786307,0.022508975972009928,0.9945762711796978,0.02778625488280826
399,0.03564696326492534,0.01814692298089843,0.01815117132021005,0.9872665534720946,0.03984069824218142
400,0.09713186108308221,0.05104497736683327,0.05333780610531589,0.5428473881852413,0.5489654541014788
401,0.04445918044398227,0.022734979499981083,0.022734979499981083,0.9999999999932204,0.03254699707030753
402,0.03596287703015692,0.018310691080918595,0.018310691080918595,0.9999999999915111,0.03631591796874446
403,0.01987948064856497,0.010039530651940447,0.010052934985782943,0.8827586206774792,0.03704833984374435
404,0.15323276166775252,0.08297351094777478,0.08297351094777478,0.9999999999981547,0.08613586425779936
405,0.2005023840680775,0.111421311310958,0.11487418131676752,0.7875457875448569,0.1889495849609087
406,0.250922509225058,0.14345991561179194,0.144806372742307,0.9391304347816478,0.16366577148435002
407,0.0269953444753279,0.0136823521423213,0.01368490755046714,0.9865361076990632,0.1134338378906077
408,0.14352092394932775,0.0773081290281186,0.08305556510084137,0.5276716515658468,0.11964416503904425
409,0.2685688162211224,0.1551137687349297,0.1551884886720087,0.9969055699730516,0.16995239257809908
410,0.2446934279111929,0.13940210320070118,0.13940210320070118,0.9999999999989019,0.14212036132810332
411,0.037671722385446256,0.01919746192071429,0.01930967111689689,0.767637540448106,0.075424194335926
412,0.08868805746175308,0.046401665519849256,0.04641558716599372,0.9935776350548033,0.17527770996091077
413,0.05583930346552363,0.02872154733148285,0.031067627875036988,0.2755412719887085,0.15942382812497569
414,0.12109219250703353,0.06444818208968288,0.0645720135443634,0.9711037422999264,0.09184265136717348
415,0.18179508173576586,0.09998602462769608,0.10001863990802759,0.996749226004649,0.11560058593748236
416,0.0579960631811324,0.029864029666249715,0.030004470864859002,0.8645038167897686,0.10182189941404697
417,0.1808072603008066,0.09938873235097859,0.09941169223185804,0.9976816074173143,0.10748291015623361
418,0.08670981469987193,0.045319740500456396,0.045364586554510894,0.9786524349533734,0.05691528320311632
419,0.13683238417729154,0.07344072697231335,0.07386665780376332,0.9272006674991089,0.144287109374978
420,0.24675148154185741,0.14073959221642907,0.14075705180886988,0.9991194276268583,0.15438842773435144
421,0.2242367495176166,0.12627626428055824,0.126640493550176,0.9777310404540669,0.16561889648434974
422,0.06433688257466708,0.03323764450305947,0.03330638139071506,0.941538461534323,0.04933166503905497
423,0.03318785233678348,0.01687393093245545,0.01688069434380858,0.9768064228280393,0.026519775390620955
424,0.0909438404965994,0.04763811690079168,0.054723438707530506,0.2689698833315827,0.09278869628904834
425,0.23367603255868205,0.132295115089891,0.1361462548583458,0.8238482384815874,0.1481170654296649
426,0.025180295807354668,0.012750680861597433,0.013168619052944055,0.286608695651177,0.026489257812495958
427,0.11882801361690494,0.06316701209514289,0.06316701209514289,0.9999999999975514,0.07577514648436344
428,0.02043735102082694,0.010324174903666794,0.010690664642738656,0.23145539905994622,0.27888488769527
429,0.10012772892104296,0.05270234765002354,0.05270479134465955,0.9991210079080014,0.06474304199217762
430,0.10885199891560879,0.0575586886130502,0.0575586886130502,0.99999999999707,0.14729309082029002
431,0.08263559709976777,0.04309853514270527,0.043171683819098125,0.9621733149898137,0.052078247070304555
432,0.07858152149139606,0.04089766095743529,0.04110699581935159,0.8892709766131731,0.07463073730467612
433,0.08585610301462347,0.04485352598090455,0.04547669046618304,0.7659875495167913,0.12040710449216913
434,0.0,0.0,0.0,0.0,0.057586669921866215
435,0.08374792703149259,0.04370402423192522,0.04598174604894184,0.46872928176691997,0.2918395996093305
436,0.0005857315787417343,0.0002929515848680169,0.0003141361256543845,0.004325259515558463,0.2189331054687166
437,0.023802847618153752,0.012044773766354716,0.013046002527233865,0.13565340909066823,0.04379272460936832
438,0.11098759393479612,0.058754295937093554,0.06482106684671396,0.38566131025918243,0.08479309082029957
439,0.0006861705445697888,0.0003432030201865241,0.0003599299772589108,0.007330889703407761,0.02221679687499661
440,0.04760251746984506,0.024381570810138472,0.024624080695778677,0.7122854561846781,0.03712463378905684
441,0.055055178137767814,0.02830680722605486,0.02830680722605486,0.9999999999944166,0.061889648437490556
442,0.010242487813905991,0.005147606053087766,0.005177064978402099,0.47496423461409204,0.020935058593746808
443,0.10785535245743864,0.05700164234141226,0.05700517524558291,0.9989139288596283,0.07130432128905162
444,0.043094154288445874,0.022021577779474784,0.022021577779474784,0.9999999999930508,0.024871826171871204
445,0.043397414749716076,0.022179984365176937,0.022180664346916294,0.9986197377432808,0.02661132812499594
446,0.043394926776669854,0.02217868458512204,0.02217868458512204,0.9999999999930987,0.025207519531246156
447,0.19367499004604494,0.10722045533266568,0.10778215659273732,0.9536479484652659,0.13476562499997943
448,0.045649164600964874,0.023357712327860686,0.023735792839084762,0.5945492662448866,0.09530639648436046
449,0.031551004929839734,0.016028357863910606,0.016037255778806762,0.9665427509203854,0.025802612304683566
450,0.08547297817022514,0.04464443551626442,0.05107650444022669,0.2617297908420372,0.09291076660154833
451,0.16697717745689233,0.09109388895945701,0.09966812044967079,0.5143010849094285,0.12670898437498068
452,0.0004724558253802526,0.00023628372950234926,0.00024691358024687293,0.005458515283822931,0.031555175781245184
453,0.10520347188902383,0.05552230560286428,0.05552230560286428,0.9999999999972361,0.06089782714842821
454,0.03542721545428128,0.018033037886388794,0.018275546973324897,0.5760869565186083,0.1192474365234193
455,0.10071228397943416,0.05302634410254019,0.053027159127579805,0.999710228916257,0.05987548828124087
456,0.10223881716075064,0.05387338411453367,0.05387338411453367,0.9999999999970666,0.08647155761717432
457,0.08945668135094134,0.04682263965320398,0.04682983826332224,0.996727748687838,0.05383300781249179
458,0.07705161814529166,0.040069519739772935,0.04041947469157988,0.8223167539240108,0.0813751220703001
459,0.02288412640755193,0.011574499356970486,0.011574499356970486,0.9999999999867725,0.014892578124997728
460,0.1814345991560928,0.09976798143849976,0.09976798143849976,0.9999999999984599,0.10601806640623383
461,0.022656428191283714,0.011458012919100053,0.01146259654737184,0.9662775615957682,0.019241333007809565
462,0.05532710280372933,0.028450595924639614,0.02924951451304727,0.5101918465212525,0.11314392089842024
463,0.12561074259826474,0.06701422455460797,0.06704315838556431,0.9936012285615726,0.17532348632809824
464,0.07536850961926195,0.039159969062104595,0.042406365506811164,0.3384190642250241,0.12803649902341796
465,0.24658098533527675,0.14062867077007618,0.14098638654668286,0.9822776501466116,0.1627502441406002
466,0.2127665447518856,0.11904798677929186,0.11906269791005128,0.9989631933631429,0.1296539306640427
467,0.06464387803715094,0.033401541609607614,0.0335222271976231,0.9027027026989493,0.04135131835936869
468,0.08042309017632547,0.041896258370659835,0.04191588712069684,0.988946204860026,0.06343078613280283
469,0.11270413248483618,0.05971725706856116,0.06109598719892332,0.7257467292008745,0.2936401367187052
470,0.022454939079645814,0.01135495697336739,0.01135495697336739,0.9999999999850523,0.11120605468748304
471,0.051426827407286525,0.02639204322969279,0.02639204322969279,0.9999999999940653,0.051513671874992145
472,0.08187238061506377,0.04268348976765,0.04268874457541432,0.9971243709525625,0.05065917968749227
473,0.09055619579060918,0.04742543121246984,0.04743447180301073,0.9959973315510474,0.08483886718748705
474,0.04119031607262253,0.02102823791948828,0.02104847162322015,0.9562841529979994,0.1297912597656052
475,0.021112759175683858,0.010669005661428806,0.010669005661428806,0.9999999999850523,0.053405761718741854
476,0.053441167142395586,0.02745417515274502,0.02745417515274502,0.9999999999940653,0.08920288085936139
477,0.1530235988200373,0.08285086843680102,0.0828521407948764,0.9998146775370649,0.08871459960936147
478,0.020929246425972117,0.01057528963437802,0.01058063330679081,0.9544198894895798,0.013519287109372937
479,0.1483481479234068,0.08011665246738317,0.08458744161908241,0.6025135534738757,0.14328002929685316
480,0.1634220710683471,0.08898183327478545,0.09493476853900348,0.5866133445584228,0.1292114257812303
481,0.02415912031047475,0.012227260078894108,0.012229261824073436,0.9867899603568455,0.07919311523436293
482,0.1527598150708123,0.08269623859263771,0.08962617963610696,0.5167974250648594,0.13035583496091763
483,0.28543774280369055,0.1664784942078713,0.16667698978009188,0.9928973341933466,0.1776580810546604
484,0.25251156864056706,0.1444997083294734,0.1444997083294734,0.9999999999989375,0.14964294433591468
485,0.036433002801210465,0.018554499466117286,0.018753096030001637,0.636636636632813,0.14445495605466546
486,0.08973522059641605,0.04697527880110571,0.04700348606407569,0.9873861247337513,0.12763977050779302
487,0.06870934879710545,0.035576907470820186,0.038013977767365904,0.35688700748883606,0.09330749511717326
488,0.09547874740545446,0.050132676269893525,0.05018261158278389,0.9805375347513731,0.08236694335936244
489,0.15982402611223165,0.08685257735137632,0.08688205887797215,0.9961082610985387,0.09663391113279776
490,0.06723012477981213,0.03478434015438752,0.03478434015438752,0.9999999999955967,0.03843688964843164
491,0.14344197537955622,0.07726231740528638,0.07729221814577977,0.9950179354304604,0.09010314941404876
492,0.0855852498844725,0.04470569915913349,0.044730077120815656,0.9879559531968756,0.06388854980467776
493,0.0978094146028953,0.051419355848865395,0.05142579746002108,0.9975698663396186,0.07557678222655097
494,0.18072407456759187,0.0993384631991088,0.0993384631991088,0.9999999999984477,0.1087799072265459
